#{"t_start": 1762118954.1241758, "env_id": "None"}
r,l,t
22.317507,40,0.323081
-4.438138,40,0.330302
25.317507,40,0.337624
24.517507,40,0.344781
25.810789,40,0.351939
26.217507,40,0.35912
-29.358719,40,0.366127
0.827201,40,0.373121
3.992622,40,0.380483
-63.124628,40,0.38768
-83.314366,40,0.394743
24.810789,40,0.401912
-0.595547,40,0.408845
-58.86315,40,0.415794
2.324231,40,0.422681
25.717507,40,0.429567
0.786253,40,0.436508
9.524561,40,0.443478
-6.382515,40,0.450527
-28.73517,40,0.457507
-32.337347,40,0.464436
23.417507,40,0.471258
1.027375,40,0.478275
-97.914914,40,0.485285
-60.699166,40,0.492304
12.124561,40,0.499362
17.017507,40,0.506275
24.417507,40,0.51324
22.010789,40,0.520108
-104.629963,40,0.526865
-14.137692,40,0.533584
4.369343,40,0.540361
-0.02759,40,0.547205
25.817507,40,0.554044
25.710789,40,0.560817
26.910789,40,0.567644
22.717507,40,0.574539
-3.870621,40,0.581317
1.784251,40,0.588039
25.710789,40,0.594802
-90.473201,40,0.602263
-30.416621,40,0.609382
23.017507,40,0.61622
25.510789,40,0.623064
-0.971454,40,0.630205
11.124561,40,0.637373
-0.975698,40,0.644542
-39.043493,40,0.651649
-78.700266,40,0.658678
4.288366,40,0.665711
23.310789,40,0.672677
24.317507,40,1.030661
27.017507,40,1.03829
18.410789,40,1.045212
-29.984986,40,1.05206
23.810789,40,1.058801
-0.439899,40,1.065594
-6.675055,40,1.072327
10.924561,40,1.079029
11.124561,40,1.085769
21.110789,40,1.09253
-13.540064,40,1.099219
-0.185386,40,1.105994
22.710789,40,1.112726
-4.441009,40,1.119436
25.010789,40,1.126277
-12.477066,40,1.133414
-99.20284,40,1.141136
-63.985267,40,1.148307
-0.502271,40,1.155327
-63.628543,40,1.162366
10.126198,40,1.16941
19.510789,40,1.176428
-0.50113,40,1.183419
21.017507,40,1.190319
10.824561,40,1.197242
-66.623787,40,1.204216
24.417507,40,1.211135
25.410789,40,1.218138
25.110789,40,1.2251
24.517507,40,1.231975
24.910789,40,1.238904
23.410789,40,1.246025
-66.080303,40,1.253044
-1.584421,40,1.259889
-34.277178,40,1.266697
12.826198,40,1.273463
-57.493227,40,1.280217
-54.271382,40,1.286964
-59.177792,40,1.293751
24.410789,40,1.300484
2.578338,40,1.307238
-2.713747,40,1.313971
12.424561,40,1.320721
10.024561,40,1.327525
0.093931,40,1.334247
-50.57083,40,1.341019
-20.606368,40,1.347794
-38.830945,40,1.35478
-1.388446,40,1.361968
22.310789,40,1.368962
24.910789,40,1.37587
11.524561,40,1.704458
-37.738114,40,1.71193
-74.574517,40,1.719011
-26.840664,40,1.725833
25.017507,40,1.732602
-42.778964,40,1.739431
24.517507,40,1.746205
-11.005043,40,1.753008
9.824561,40,1.75976
23.210789,40,1.766551
24.110789,40,1.77328
25.817507,40,1.780011
7.153095,40,1.786767
23.417507,40,1.793498
23.010789,40,1.80024
10.424561,40,1.806964
-60.408185,40,1.813713
24.110789,40,1.820584
-58.677749,40,1.827681
-12.438922,40,1.834578
0.403022,40,1.841444
25.117507,40,1.848268
12.824561,40,1.855059
25.310789,40,1.86189
0.024287,40,1.868693
8.148336,40,1.875472
21.010789,40,1.882278
-28.30766,40,1.889068
21.817507,40,1.895887
12.524561,40,1.902781
0.966842,40,1.909582
22.710789,40,1.916347
24.310789,40,1.923091
22.210789,40,1.929827
-7.106325,40,1.936621
24.210789,40,1.94359
12.524561,40,1.950563
-19.257482,40,1.957318
21.517507,40,1.963992
24.510789,40,1.970645
22.610789,40,1.977356
10.324561,40,1.984051
4.94726,40,1.990725
-1.695837,40,1.997475
-32.406568,40,2.004153
-3.345657,40,2.010809
21.710789,40,2.017483
24.910789,40,2.024164
-0.000137,40,2.030808
0.447984,40,2.037474
-24.646209,40,2.04412
-27.489613,40,2.37428
5.939408,40,2.381482
12.210789,40,2.388474
-87.022703,40,2.395306
13.124561,40,2.402103
7.326198,40,2.408891
25.410789,40,2.415661
10.024561,40,2.422431
23.710789,40,2.429223
1.62989,40,2.436052
23.517507,40,2.442945
7.310392,40,2.449732
-44.314372,40,2.456538
23.817507,40,2.463276
0.500956,40,2.470062
20.610789,40,2.476788
-7.300182,40,2.483544
12.124561,40,2.49034
-7.349152,40,2.497139
24.017507,40,2.504128
-85.99834,40,2.511172
25.910789,40,2.51805
1.122277,40,2.524904
23.217507,40,2.531717
22.210789,40,2.538538
-29.782926,40,2.545335
3.592751,40,2.552122
-32.676548,40,2.558919
23.010789,40,2.565718
23.810789,40,2.572489
-38.119575,40,2.579289
13.326198,40,2.586056
24.410789,40,2.592844
-7.183461,40,2.59965
-11.601764,40,2.606412
11.726198,40,2.613147
24.517507,40,2.620036
21.210789,40,2.626996
-0.813747,40,2.634296
3.316731,40,2.641469
19.010789,40,2.649052
-37.085089,40,2.656341
-55.537594,40,2.664381
-34.478359,40,2.671588
25.710789,40,2.678902
-29.210916,40,2.686518
2.107193,40,2.693791
-38.126212,40,2.700886
10.624561,40,2.70787
-5.445567,40,2.714824
24.010789,40,2.72237
12.626198,40,3.055203
24.310789,40,3.062684
-36.458517,40,3.069642
12.824561,40,3.076521
-37.426453,40,3.083261
17.710789,40,3.090016
-57.364267,40,3.096806
0.411398,40,3.103542
-23.249465,40,3.110239
21.017507,40,3.116944
25.117507,40,3.123707
-7.152331,40,3.13045
-4.781341,40,3.137191
24.410789,40,3.143921
-33.958289,40,3.150639
0.930968,40,3.157376
13.024561,40,3.164893
11.624561,40,3.172263
0.184251,40,3.179312
19.210789,40,3.186283
21.017507,40,3.19314
-58.623737,40,3.199976
-31.560642,40,3.206773
2.254558,40,3.213583
-36.169837,40,3.220406
0.61127,40,3.227225
12.824561,40,3.234076
13.824561,40,3.241666
20.210789,40,3.248805
23.210789,40,3.255603
1.106165,40,3.262354
24.317507,40,3.269084
23.210789,40,3.275814
21.710789,40,3.282522
10.726198,40,3.289193
8.326198,40,3.295875
-35.004768,40,3.302568
-8.192364,40,3.309241
-26.073381,40,3.315988
21.217507,40,3.32267
20.010789,40,3.329483
-38.841661,40,3.336253
-47.262397,40,3.342928
24.217507,40,3.349548
-3.903824,40,3.356928
23.010789,40,3.364024
-1.199265,40,3.370821
20.717507,40,3.377546
-4.490531,40,3.384322
-47.862122,40,3.391097
11.424561,40,3.397778
24.510789,40,3.404476
24.317507,40,3.734117
16.910789,40,3.741287
23.717507,40,3.748125
23.817507,40,3.754896
13.424561,40,3.761676
-10.364294,40,3.76846
-3.662851,40,3.775239
20.417507,40,3.781975
-25.918328,40,3.788734
12.326198,40,3.79543
21.410789,40,3.8022
-0.706069,40,3.808914
20.617507,40,3.815628
21.017507,40,3.822311
-0.462744,40,3.829212
0.186253,40,3.83621
10.626198,40,3.843142
2.707326,40,3.849979
12.424561,40,3.856854
9.826198,40,3.863673
-29.118603,40,3.87049
-1.090072,40,3.877251
9.324561,40,3.885061
20.710789,40,3.892287
23.810789,40,3.899132
-9.313275,40,3.905938
21.510789,40,3.912756
18.710789,40,3.919536
-3.039538,40,3.926321
18.310789,40,3.933046
10.824561,40,3.939835
11.926198,40,3.946701
-3.701172,40,3.953455
-0.639574,40,3.960208
12.126198,40,3.966937
21.817507,40,3.973636
24.517507,40,3.980345
23.910789,40,3.987089
-33.370831,40,3.993815
26.010789,40,4.000551
11.524561,40,4.00729
24.017507,40,4.014016
10.824561,40,4.020678
11.626198,40,4.027773
-9.925479,40,4.034741
12.524561,40,4.041601
10.024561,40,4.048359
-41.336503,40,4.055141
21.310789,40,4.061989
12.024561,40,4.068766
12.926198,40,4.075526
-6.087511,40,4.430473
22.510789,40,4.43775
21.310789,40,4.444596
11.324561,40,4.451382
12.024561,40,4.45815
24.910789,40,4.464945
-10.472071,40,4.471721
-0.348086,40,4.478447
20.417507,40,4.485177
23.010789,40,4.491918
12.226198,40,4.498633
-35.005902,40,4.505359
12.524561,40,4.512073
-57.121205,40,4.51878
6.808618,40,4.525512
23.610789,40,4.532233
23.017507,40,4.538912
10.524561,40,4.545823
-2.897625,40,4.552866
11.326198,40,4.559748
24.710789,40,4.566573
0.186253,40,4.57333
23.710789,40,4.580101
23.310789,40,4.586856
24.010789,40,4.59357
18.510789,40,4.600332
-5.046736,40,4.607095
-62.37962,40,4.613901
21.410789,40,4.620642
-13.746992,40,4.627368
13.326198,40,4.634085
23.110789,40,4.640805
23.110789,40,4.647523
22.210789,40,4.654277
12.824561,40,4.661015
11.626198,40,4.667976
12.824561,40,4.674912
12.024561,40,4.681735
13.326198,40,4.688486
19.310789,40,4.695215
-8.905635,40,4.70301
22.017507,40,4.709882
-6.226411,40,4.716589
20.310789,40,4.723319
12.524561,40,4.73003
-0.963916,40,4.736722
24.410789,40,4.743433
-58.588036,40,4.750144
-7.079867,40,4.756852
-32.814867,40,4.763625
18.610789,40,4.770373
13.126198,40,5.096393
-23.043623,40,5.103674
12.326198,40,5.110561
-1.669731,40,5.117405
11.524561,40,5.124256
20.917507,40,5.131148
23.217507,40,5.138153
12.326198,40,5.145114
11.726198,40,5.152073
-4.160923,40,5.159027
18.417507,40,5.165818
-0.034612,40,5.172605
6.817495,40,5.179404
-8.154301,40,5.186212
12.126198,40,5.193659
24.310789,40,5.200569
8.524561,40,5.207367
10.624561,40,5.21445
21.710789,40,5.221424
12.326198,40,5.228256
-2.41849,40,5.234957
21.210789,40,5.241722
-56.134406,40,5.248442
-1.393835,40,5.255173
12.626198,40,5.261889
4.107193,40,5.268586
-26.059948,40,5.275288
-9.847048,40,5.28198
-15.727179,40,5.288646
-23.701811,40,5.295295
-0.280922,40,5.301983
11.824561,40,5.30927
-20.375312,40,5.316142
19.010789,40,5.32289
12.226198,40,5.329603
20.717507,40,5.336422
11.924561,40,5.343389
11.824561,40,5.350222
11.324561,40,5.356997
-1.228507,40,5.363707
-5.133974,40,5.37044
20.710789,40,5.377207
-21.741275,40,5.383955
11.124561,40,5.390697
12.326198,40,5.397389
-32.856601,40,5.404075
-0.083463,40,5.410761
18.510789,40,5.41741
18.310789,40,5.424085
-0.589429,40,5.430807
22.110789,40,5.437596
0.186253,40,5.76409
12.024561,40,5.771326
-5.212716,40,5.778238
10.724561,40,5.785006
0.624287,40,5.791729
11.824561,40,5.798496
-0.971536,40,5.805153
20.710789,40,5.811844
20.810789,40,5.818532
-2.756795,40,5.82521
11.126198,40,5.831935
1.999146,40,5.838621
22.417507,40,5.84529
-4.698747,40,5.851963
1.283344,40,5.859159
21.710789,40,5.866321
24.310789,40,5.873348
17.010789,40,5.88026
10.424561,40,5.887054
11.524561,40,5.89392
11.524561,40,5.900732
21.517507,40,5.907514
22.210789,40,5.914292
12.624561,40,5.921039
20.710789,40,5.927786
0.67571,40,5.934559
-1.349361,40,5.941324
-5.469177,40,5.948401
12.524561,40,5.955219
-32.01033,40,5.961931
11.324561,40,5.968709
23.517507,40,5.975453
10.626198,40,5.982182
-1.962505,40,5.989067
11.726198,40,5.99595
23.617507,40,6.002714
2.607193,40,6.009421
-4.301493,40,6.016194
-3.827076,40,6.022915
13.824561,40,6.02964
-4.179031,40,6.036362
10.824561,40,6.043038
-25.047265,40,6.049749
22.217507,40,6.056421
2.462609,40,6.063171
19.510789,40,6.06986
22.210789,40,6.077007
-8.309499,40,6.084081
-25.38329,40,6.091049
11.926198,40,6.097919
12.524561,40,6.104704
-72.836079,40,6.431867
23.710789,40,6.439193
13.424561,40,6.446045
26.217507,40,6.452866
-38.257722,40,6.459675
1.595918,40,6.466429
20.110789,40,6.473199
11.524561,40,6.480002
23.510789,40,6.48676
26.010789,40,6.493511
-1.585891,40,6.500267
24.517507,40,6.506979
-6.968419,40,6.513752
4.307193,40,6.52051
-25.211727,40,6.527263
-2.340964,40,6.534038
13.424561,40,6.540778
20.717507,40,6.547538
24.810789,40,6.554487
0.095213,40,6.561338
-7.780279,40,6.56817
19.910789,40,6.574902
20.210789,40,6.581653
22.810789,40,6.588398
-6.277767,40,6.595137
11.024561,40,6.601877
-28.46182,40,6.608594
10.024561,40,6.615297
-2.137373,40,6.621981
24.610789,40,6.6287
17.810789,40,6.636244
-0.129939,40,6.643444
22.910789,40,6.650444
4.24855,40,6.657269
1.106165,40,6.664053
0.208381,40,6.670821
11.326198,40,6.677579
21.710789,40,6.68432
0.186253,40,6.691072
20.810789,40,6.697784
-2.378303,40,6.704493
19.210789,40,6.711215
-0.135735,40,6.717912
-10.701571,40,6.724638
23.310789,40,6.73134
-1.946754,40,6.738053
0.326535,40,6.744767
19.610789,40,6.751481
11.524561,40,6.758228
13.126198,40,6.764948
13.926198,40,6.771909
21.017507,40,6.778719
23.310789,40,7.105986
-5.686704,40,7.113036
-59.891016,40,7.119821
10.424561,40,7.126587
21.610789,40,7.133328
-2.443711,40,7.140067
0.786253,40,7.146778
-10.885745,40,7.153562
22.817507,40,7.160247
21.810789,40,7.16691
20.110789,40,7.173621
-1.110153,40,7.180341
23.010789,40,7.187065
22.710789,40,7.193796
21.410789,40,7.200464
11.826198,40,7.207167
-0.02759,40,7.213862
24.310789,40,7.220551
25.610789,40,7.227261
23.710789,40,7.233977
3.007193,40,7.240822
11.024561,40,7.247751
-0.757192,40,7.254546
-14.531687,40,7.261337
24.517507,40,7.268145
12.324561,40,7.274942
11.724561,40,7.281694
-2.944284,40,7.288423
-4.147077,40,7.295123
23.210789,40,7.301868
-4.351237,40,7.308599
22.117507,40,7.315662
-17.408735,40,7.323686
22.810789,40,7.330698
-7.137323,40,7.337474
3.023975,40,7.344162
-3.73014,40,7.350931
-14.778725,40,7.357621
10.324561,40,7.364354
23.710789,40,7.371061
-0.186221,40,7.37772
-1.869731,40,7.384467
12.626198,40,7.391141
-4.603668,40,7.397834
12.324561,40,7.404521
11.826198,40,7.41121
25.017507,40,7.41785
10.524561,40,7.424533
10.424561,40,7.431219
21.717507,40,7.437879
11.024561,40,7.444665
12.424561,40,7.775424
-2.749093,40,7.782575
23.710789,40,7.789356
23.310789,40,7.796776
20.210789,40,7.804133
12.226198,40,7.811396
1.473466,40,7.81862
22.110789,40,7.825683
12.326198,40,7.832801
24.310789,40,7.840154
12.524561,40,7.847263
-2.253402,40,7.854205
13.424561,40,7.861062
11.024561,40,7.867799
-12.189102,40,7.874533
18.810789,40,7.881237
11.324561,40,7.887978
2.107193,40,7.894701
-33.301247,40,7.901367
4.007193,40,7.908091
-14.091551,40,7.914776
0.624287,40,7.921482
10.826198,40,7.928149
11.226198,40,7.934825
-37.57158,40,7.941504
2.507193,40,7.948452
-0.814397,40,7.9553
-0.027061,40,7.962606
24.517507,40,7.970562
12.124561,40,7.977625
23.617507,40,7.984412
12.824561,40,7.991142
-13.63517,40,7.997831
0.386253,40,8.004478
23.710789,40,8.011115
17.310789,40,8.017803
12.326198,40,8.024451
11.324561,40,8.031097
10.826198,40,8.037707
22.610789,40,8.044407
12.924561,40,8.051072
23.010789,40,8.057752
9.326198,40,8.064388
23.317507,40,8.071063
22.510789,40,8.07805
4.407193,40,8.084989
12.524561,40,8.091832
-31.402231,40,8.098659
16.117507,40,8.105494
22.410789,40,8.112313
23.010789,40,8.11916
20.317507,40,8.447108
20.917507,40,8.454266
-31.037363,40,8.461026
-0.517816,40,8.467772
-7.681071,40,8.47447
11.024561,40,8.481166
7.724561,40,8.487852
20.010789,40,8.494551
10.826198,40,8.501222
6.753395,40,8.507882
23.017507,40,8.514569
-7.123656,40,8.521259
-6.51663,40,8.527939
24.517507,40,8.53463
4.198765,40,8.541319
22.517507,40,8.547994
23.710789,40,8.554684
13.824561,40,8.561474
11.324561,40,8.568271
22.417507,40,8.57499
20.710789,40,8.581708
24.217507,40,8.588637
21.610789,40,8.595522
22.917507,40,8.602268
13.424561,40,8.609016
10.326198,40,8.615722
4.178338,40,8.622419
-31.081828,40,8.62908
-27.228001,40,8.635761
11.924561,40,8.642483
9.524561,40,8.649212
26.210789,40,8.655968
0.506165,40,8.662704
19.810789,40,8.66941
11.524561,40,8.676164
11.624561,40,8.682897
13.926198,40,8.689627
22.310789,40,8.696332
3.778338,40,8.703106
13.024561,40,8.710025
20.617507,40,8.716751
20.810789,40,8.72348
8.826198,40,8.73016
-0.762149,40,8.736883
23.310789,40,8.743579
24.710789,40,8.750285
-0.67913,40,8.756988
10.126198,40,8.763659
11.524561,40,8.770349
25.710789,40,8.777058
23.517507,40,8.7837
23.010789,40,9.113621
-32.330102,40,9.120952
12.126198,40,9.127853
24.617507,40,9.13463
11.824561,40,9.14146
12.524561,40,9.148212
23.310789,40,9.154896
0.09269,40,9.161624
-11.308478,40,9.168325
23.317507,40,9.175053
4.307193,40,9.181747
12.326198,40,9.188466
10.826198,40,9.195129
13.824561,40,9.201869
-2.749543,40,9.208558
23.510789,40,9.215261
-1.751366,40,9.222156
10.324561,40,9.229118
11.224561,40,9.235892
24.810789,40,9.242665
21.810789,40,9.249352
4.607193,40,9.256087
24.517507,40,9.262775
25.717507,40,9.269461
12.226198,40,9.276162
1.122277,40,9.282855
12.824561,40,9.289564
-8.873518,40,9.296189
-1.348086,40,9.302903
3.132311,40,9.309641
23.810789,40,9.31637
-2.756769,40,9.323063
-6.166726,40,9.329739
23.710789,40,9.336402
21.010789,40,9.343389
1.088254,40,9.350427
10.824561,40,9.357329
22.310789,40,9.364151
11.724561,40,9.370965
-0.253111,40,9.377725
20.710789,40,9.384478
11.524561,40,9.391277
8.826198,40,9.398026
13.226198,40,9.404769
12.824561,40,9.411523
10.624561,40,9.418241
24.217507,40,9.424951
23.710789,40,9.431756
3.707193,40,9.43853
24.910789,40,9.445283
-28.463425,40,9.452084
3.607193,40,9.786154
-4.28823,40,9.793647
-0.506069,40,9.801082
13.124561,40,9.808374
13.226198,40,9.815514
-4.165457,40,9.823123
-0.217278,40,9.830213
2.836697,40,9.837427
23.010789,40,9.844677
1.229545,40,9.851654
12.424561,40,9.858612
23.910789,40,9.865535
10.426198,40,9.872485
1.397405,40,9.879385
4.107193,40,9.88627
3.107193,40,9.893183
22.517507,40,9.900028
23.710789,40,9.907527
10.724561,40,9.915493
-28.14615,40,9.923305
23.517507,40,9.930509
23.017507,40,9.937903
20.810789,40,9.94477
-4.001172,40,9.952102
22.510789,40,9.959567
23.517507,40,9.967712
23.310789,40,9.975467
23.710789,40,9.98333
-39.307371,40,9.991585
-1.162149,40,9.999525
-26.938391,40,10.006904
-0.717864,40,10.013909
17.117507,40,10.037086
-7.284021,40,10.057601
22.710789,40,10.073227
-0.061181,40,10.088107
3.007193,40,10.096835
23.817507,40,10.104538
12.626198,40,10.112281
-2.388319,40,10.120662
24.310789,40,10.128317
12.626198,40,10.135916
24.517507,40,10.14335
25.310789,40,10.152128
12.326198,40,10.159639
24.017507,40,10.167155
13.824561,40,10.17526
4.678338,40,10.182231
23.710789,40,10.189185
12.626198,40,10.196251
-0.762149,40,10.204347
23.710789,40,10.21131
23.710789,40,10.550971
-5.912357,40,10.559938
12.124561,40,10.567607
23.817507,40,10.57528
2.461288,40,10.582959
4.507193,40,10.590609
13.824561,40,10.598079
12.024561,40,10.605735
8.926198,40,10.612878
2.807193,40,10.619937
0.186253,40,10.627268
12.626198,40,10.63429
13.326198,40,10.641446
12.626198,40,10.648803
11.426198,40,10.655775
0.186253,40,10.662911
-0.304787,40,10.670495
21.710789,40,10.677768
-1.140531,40,10.684932
13.126198,40,10.692113
2.307193,40,10.699224
12.124561,40,10.706322
3.261164,40,10.713424
13.326198,40,10.722765
20.010789,40,10.730136
13.824561,40,10.737566
12.624561,40,10.745156
11.726198,40,10.752512
13.024561,40,10.760016
-33.284617,40,10.767222
4.305364,40,10.776564
22.710789,40,10.784404
-4.481341,40,10.792088
24.517507,40,10.799101
-4.772794,40,10.806565
23.217507,40,10.814003
23.710789,40,10.821707
20.510789,40,10.828947
24.010789,40,10.836419
-3.663864,40,10.843874
24.117507,40,10.851407
23.817507,40,10.858703
19.310789,40,10.866045
23.710789,40,10.873276
13.926198,40,10.880286
25.817507,40,10.887221
1.470765,40,10.894375
-4.355828,40,10.901461
-3.600977,40,10.90845
-2.800781,40,10.915533
3.307193,40,10.922471
-28.22371,40,11.254063
-1.897409,40,11.26132
12.126198,40,11.268238
12.424561,40,11.275173
-5.636067,40,11.282025
23.210789,40,11.288841
-0.912184,40,11.295683
-2.862565,40,11.302535
9.726198,40,11.309351
-20.081629,40,11.316193
13.326198,40,11.323038
22.110789,40,11.329866
23.010789,40,11.336654
22.310789,40,11.343475
3.007193,40,11.350479
12.524561,40,11.357467
-2.206858,40,11.364196
-24.701056,40,11.370905
3.178338,40,11.377604
21.717507,40,11.384284
2.607193,40,11.390971
0.506237,40,11.397677
-2.748692,40,11.404413
-1.087867,40,11.41108
3.178338,40,11.417811
3.605364,40,11.424549
12.024561,40,11.431232
23.310789,40,11.437897
3.807193,40,11.444517
23.510789,40,11.451437
-6.727144,40,11.458397
-31.880089,40,11.465251
10.024561,40,11.472104
4.007193,40,11.478922
21.217507,40,11.485684
19.810789,40,11.492461
23.017507,40,11.499201
23.710789,40,11.505972
4.307193,40,11.512725
-1.280922,40,11.519463
20.917507,40,11.526218
22.110789,40,11.532988
12.524561,40,11.539922
13.824561,40,11.54687
-1.464424,40,11.553628
13.124561,40,11.560331
24.310789,40,11.566983
23.710789,40,11.573684
10.424561,40,11.580385
24.210789,40,11.587022
13.926198,40,11.593671
24.810789,40,11.954482
4.007193,40,11.969161
23.710789,40,11.980559
1.875814,40,11.989519
-0.162149,40,11.998224
-5.421112,40,12.005608
0.976538,40,12.012843
25.510789,40,12.019952
23.710789,40,12.026955
3.004461,40,12.034116
22.310789,40,12.041934
23.617507,40,12.049489
3.314016,40,12.056785
4.178338,40,12.06384
13.424561,40,12.070861
2.731772,40,12.077908
3.378338,40,12.085115
23.210789,40,12.092126
12.626198,40,12.099052
-0.80293,40,12.105979
-3.108815,40,12.113264
12.824561,40,12.120549
-2.719478,40,12.127756
-1.702069,40,12.134946
-0.493763,40,12.142086
12.726198,40,12.149231
23.310789,40,12.15648
20.110789,40,12.163443
4.493206,40,12.170487
12.926198,40,12.177437
22.617507,40,12.184624
22.210789,40,12.191848
9.426198,40,12.198804
22.917507,40,12.205908
12.824561,40,12.21368
11.326198,40,12.22099
12.524561,40,12.228142
4.107193,40,12.235101
12.024561,40,12.242333
13.824561,40,12.24935
3.307193,40,12.256271
22.517507,40,12.263187
12.924561,40,12.270182
20.717507,40,12.277245
3.707193,40,12.284269
23.210789,40,12.291533
22.310789,40,12.298685
13.824561,40,12.306005
11.424561,40,12.313205
21.710789,40,12.320132
-1.772507,40,12.327303
-1.503422,40,12.661344
25.817507,40,12.669043
-2.549499,40,12.676374
24.517507,40,12.683637
10.126198,40,12.690719
23.710789,40,12.697927
12.224561,40,12.704902
2.783185,40,12.711708
21.810789,40,12.718494
23.810789,40,12.725255
12.326198,40,12.73201
23.510789,40,12.738809
13.924561,40,12.745788
23.710789,40,12.752839
4.107193,40,12.75996
-1.904306,40,12.767109
13.424561,40,12.774572
23.217507,40,12.78172
13.124561,40,12.788644
23.017507,40,12.795537
23.710789,40,12.802618
24.210789,40,12.809809
23.010789,40,12.816768
3.378338,40,12.823913
-6.327144,40,12.830946
-3.924586,40,12.837927
-4.69853,40,12.844882
23.510789,40,12.851876
13.824561,40,12.858863
2.232367,40,12.865945
-1.217702,40,12.872884
23.710789,40,12.879907
-4.321625,40,12.886953
11.924561,40,12.893997
11.824561,40,12.901047
13.424561,40,12.908972
13.824561,40,12.916303
-8.075629,40,12.923684
3.607193,40,12.930928
4.178338,40,12.938071
22.717507,40,12.945318
13.926198,40,12.95214
13.824561,40,12.95914
-6.197333,40,12.965921
-4.424586,40,12.972765
23.010789,40,12.979689
2.067443,40,12.986939
-2.137373,40,12.994094
24.517507,40,13.001615
1.332503,40,13.008888
-8.531336,40,13.015786
22.810789,40,13.353862
23.710789,40,13.361391
13.326198,40,13.368754
24.517507,40,13.375954
4.178338,40,13.38307
12.524561,40,13.390472
22.710789,40,13.397572
23.017507,40,13.404427
22.310789,40,13.411347
-0.7406,40,13.418648
13.424561,40,13.425741
13.924561,40,13.432706
22.910789,40,13.439683
13.424561,40,13.44664
13.024561,40,13.453591
12.626198,40,13.460578
20.017507,40,13.467538
1.706416,40,13.474553
21.210789,40,13.48166
3.007193,40,13.488776
-3.80826,40,13.495744
3.378338,40,13.502679
12.626198,40,13.509671
3.082467,40,13.516732
-0.417441,40,13.523934
23.710789,40,13.530918
22.617507,40,13.538037
9.524561,40,13.545091
23.217507,40,13.553912
4.178338,40,13.561296
3.878338,40,13.568717
23.710789,40,13.5757
-9.529767,40,13.582496
1.261734,40,13.58946
-2.24499,40,13.596172
23.517507,40,13.60286
12.424561,40,13.609534
12.026198,40,13.616305
13.126198,40,13.623424
3.578338,40,13.630664
11.524561,40,13.638061
22.810789,40,13.645288
3.607193,40,13.652531
4.607193,40,13.660003
3.078338,40,13.667273
13.226198,40,13.674414
13.926198,40,13.68146
2.092145,40,13.688527
23.710789,40,13.695529
23.510789,40,13.702594
22.710789,40,13.709798
23.710789,40,13.71696
23.510789,40,14.05658
12.524561,40,14.063878
13.324561,40,14.071028
24.317507,40,14.078044
-2.214227,40,14.085017
12.524561,40,14.09195
12.524561,40,14.099093
11.424561,40,14.106062
-1.42334,40,14.112969
-1.937373,40,14.119947
13.326198,40,14.126947
13.926198,40,14.13395
13.424561,40,14.141552
3.807193,40,14.148773
10.924561,40,14.156408
2.130658,40,14.163441
21.910789,40,14.170421
13.824561,40,14.177968
23.010789,40,14.185195
22.310789,40,14.192243
13.824561,40,14.199225
12.626198,40,14.206214
23.710789,40,14.214686
-0.943711,40,14.222061
3.507193,40,14.229251
21.710789,40,14.236515
24.317507,40,14.243588
13.424561,40,14.25117
13.424561,40,14.258487
23.817507,40,14.26561
2.225483,40,14.272433
4.307193,40,14.279284
12.524561,40,14.286414
11.324561,40,14.293509
-1.593089,40,14.300553
23.817507,40,14.307631
2.728985,40,14.314591
3.007193,40,14.321649
2.807193,40,14.328774
12.524561,40,14.335929
13.726198,40,14.343129
2.507193,40,14.350107
12.524561,40,14.35713
4.178338,40,14.364195
12.624561,40,14.371259
11.826198,40,14.378708
12.126198,40,14.386219
12.926198,40,14.393361
12.924561,40,14.400184
2.607193,40,14.407073
13.326198,40,14.413943
4.078338,40,14.750935
0.597319,40,14.759053
21.310789,40,14.766963
0.624539,40,14.77455
4.007193,40,14.782323
4.078338,40,14.789747
23.410789,40,14.797082
12.424561,40,14.804474
3.378338,40,14.812226
13.824561,40,14.820932
25.710789,40,14.82958
23.710789,40,14.837149
1.375814,40,14.844523
23.010789,40,14.851869
13.324561,40,14.859424
13.324561,40,14.867091
13.326198,40,14.87437
12.824561,40,14.882185
12.124561,40,14.889464
23.110789,40,14.896534
0.28304,40,14.903429
22.210789,40,14.910608
22.517507,40,14.917754
21.810789,40,14.924868
24.310789,40,14.932377
12.924561,40,14.939794
19.310789,40,14.946868
-32.368292,40,14.95446
0.984209,40,14.961722
4.007193,40,14.968991
23.817507,40,14.976163
12.926198,40,14.983442
23.117507,40,14.990649
2.188254,40,14.997687
22.510789,40,15.004783
4.107193,40,15.011873
3.507193,40,15.019835
-1.694596,40,15.027192
4.007193,40,15.034423
23.817507,40,15.0417
4.607193,40,15.049028
-0.162149,40,15.056691
3.307193,40,15.063674
23.710789,40,15.071067
23.710789,40,15.078534
12.824561,40,15.08635
24.517507,40,15.094007
12.024561,40,15.101383
19.110789,40,15.108754
4.178338,40,15.11588
3.007193,40,15.123033
23.810789,40,15.453588
4.007193,40,15.461203
12.624561,40,15.468878
12.124561,40,15.476071
12.424561,40,15.483236
-1.158147,40,15.490223
22.817507,40,15.497187
-6.261484,40,15.504609
24.310789,40,15.512212
4.007193,40,15.519788
23.817507,40,15.527309
-2.798597,40,15.534919
23.817507,40,15.542804
13.124561,40,15.550269
23.710789,40,15.55797
13.926198,40,15.565761
12.524561,40,15.573463
11.524561,40,15.580702
3.307193,40,15.58849
12.824561,40,15.596088
23.817507,40,15.60388
-1.011239,40,15.611529
23.517507,40,15.619099
12.926198,40,15.626399
-2.753268,40,15.633676
24.517507,40,15.640831
12.626198,40,15.648006
12.626198,40,15.655259
23.710789,40,15.662288
4.078338,40,15.669629
12.524561,40,15.67688
11.124561,40,15.68413
2.607193,40,15.691313
23.310789,40,15.698844
24.310789,40,15.706457
13.824561,40,15.713887
24.210789,40,15.721488
11.524561,40,15.728634
24.517507,40,15.735714
24.310789,40,15.742827
23.217507,40,15.749949
12.824561,40,15.757413
13.926198,40,15.764658
24.317507,40,15.77179
-1.803282,40,15.778847
4.007193,40,15.785985
3.107193,40,15.793699
2.307193,40,15.801026
11.924561,40,15.80818
13.824561,40,15.815216
3.678338,40,15.822252
13.424561,40,16.166337
23.610789,40,16.174384
3.478338,40,16.181879
4.407193,40,16.189068
24.517507,40,16.196404
12.726198,40,16.203702
12.626198,40,16.211095
23.817507,40,16.218497
22.710789,40,16.226302
22.217507,40,16.234084
5.005745,40,16.241807
12.524561,40,16.249243
4.178338,40,16.25676
23.817507,40,16.264084
1.036325,40,16.272262
24.410789,40,16.279914
13.424561,40,16.287559
10.726198,40,16.295091
13.824561,40,16.302404
13.226198,40,16.30978
23.710789,40,16.316619
23.717507,40,16.323929
9.126198,40,16.331362
24.310789,40,16.338746
20.710789,40,16.345722
13.424561,40,16.352669
4.178338,40,16.359678
12.824561,40,16.366638
11.926198,40,16.373562
12.126198,40,16.380368
12.524561,40,16.387262
23.310789,40,16.394593
12.626198,40,16.401769
11.926198,40,16.410416
-0.867379,40,16.418253
4.178338,40,16.425613
12.524561,40,16.432452
4.107193,40,16.439239
4.107193,40,16.446317
22.010789,40,16.453296
23.710789,40,16.460375
22.810789,40,16.467628
24.310789,40,16.474871
24.310789,40,16.481939
12.626198,40,16.489978
24.810789,40,16.497224
23.017507,40,16.504432
23.010789,40,16.51158
21.710789,40,16.518922
12.524561,40,16.525908
3.607193,40,16.533005
23.710789,40,16.874055
-1.694596,40,16.881467
-2.137373,40,16.888627
2.662609,40,16.895793
12.124561,40,16.903
23.710789,40,16.910327
13.824561,40,16.917567
2.088254,40,16.924616
12.524561,40,16.932308
22.310789,40,16.939575
23.710789,40,16.946915
23.510789,40,16.954604
13.926198,40,16.962011
23.817507,40,16.96938
10.424561,40,16.976587
3.078338,40,16.984019
23.210789,40,16.991188
13.824561,40,16.998504
-1.140531,40,17.005658
-1.853728,40,17.013253
2.307193,40,17.020599
12.624561,40,17.027852
13.424561,40,17.035211
12.424561,40,17.043235
23.517507,40,17.050607
2.87909,40,17.057746
23.710789,40,17.064882
22.210789,40,17.07195
12.524561,40,17.078987
13.424561,40,17.086133
13.124561,40,17.093188
4.078338,40,17.100205
-0.08063,40,17.107276
13.926198,40,17.114529
24.310789,40,17.121722
23.217507,40,17.128919
11.824561,40,17.136145
13.924561,40,17.143339
4.007193,40,17.150521
12.626198,40,17.157674
-2.600373,40,17.165037
12.824561,40,17.172118
24.310789,40,17.179621
21.210789,40,17.186742
24.310789,40,17.193692
23.710789,40,17.200551
12.126198,40,17.207433
24.310789,40,17.2143
12.524561,40,17.221174
24.517507,40,17.228096
13.926198,40,17.235224
21.610789,40,17.242821
4.407193,40,17.578443
23.710789,40,17.585833
13.424561,40,17.594399
22.810789,40,17.602374
23.017507,40,17.609522
13.326198,40,17.616568
13.424561,40,17.623428
13.124561,40,17.63027
24.517507,40,17.637338
23.710789,40,17.644341
0.62275,40,17.65125
23.510789,40,17.658558
-2.098907,40,17.665871
21.510789,40,17.672912
13.926198,40,17.680015
13.124561,40,17.687161
23.710789,40,17.694374
23.710789,40,17.701484
1.293927,40,17.708391
21.617507,40,17.715762
24.310789,40,17.722915
12.824561,40,17.730166
12.824561,40,17.737165
12.924561,40,17.744251
0.338523,40,17.751369
3.607193,40,17.758436
24.517507,40,17.765538
10.524561,40,17.772579
3.778338,40,17.779652
12.024561,40,17.786808
13.326198,40,17.793868
13.326198,40,17.800852
11.524561,40,17.809348
12.524561,40,17.816863
-0.745242,40,17.823969
24.310789,40,17.831192
1.642824,40,17.838325
12.226198,40,17.845834
12.326198,40,17.853149
13.326198,40,17.860235
23.710789,40,17.867356
24.517507,40,17.874399
23.710789,40,17.881559
20.810789,40,17.888646
12.824561,40,17.895963
11.524561,40,17.902998
2.807193,40,17.910534
12.024561,40,17.917687
12.824561,40,17.924751
20.510789,40,17.93179
3.007193,40,17.938819
13.326198,40,18.276866
23.817507,40,18.28448
-1.017702,40,18.292302
13.824561,40,18.299652
4.007193,40,18.30686
24.517507,40,18.313872
23.710789,40,18.320812
23.217507,40,18.327886
3.407193,40,18.335176
21.110789,40,18.342456
23.010789,40,18.349644
-1.837373,40,18.356842
12.626198,40,18.364051
2.662859,40,18.371664
2.188254,40,18.378912
13.326198,40,18.386034
12.226198,40,18.393294
24.310789,40,18.400292
2.607193,40,18.40726
21.117507,40,18.414075
11.424561,40,18.420903
23.710789,40,18.427824
13.926198,40,18.434799
13.924561,40,18.441983
23.710789,40,18.448956
3.395642,40,18.455787
4.078338,40,18.462564
12.926198,40,18.469325
2.607193,40,18.476153
13.824561,40,18.483115
23.710789,40,18.490264
22.410789,40,18.497159
13.326198,40,18.503918
0.582559,40,18.510853
13.424561,40,18.517734
-3.803706,40,18.524607
22.517507,40,18.531737
24.517507,40,18.539342
13.724561,40,18.546698
23.710789,40,18.553793
3.507193,40,18.560921
23.710789,40,18.568047
12.524561,40,18.575195
13.926198,40,18.582139
23.817507,40,18.589298
21.810789,40,18.59625
3.307193,40,18.603197
13.124561,40,18.610312
22.710789,40,18.617357
24.310789,40,18.624841
21.317507,40,18.632233
-1.05436,40,18.967573
1.580047,40,18.975268
0.756684,40,18.982652
-0.113747,40,18.989927
22.810789,40,18.997622
23.010789,40,19.004743
23.310789,40,19.011988
-1.425181,40,19.019064
13.824561,40,19.026321
21.917507,40,19.033826
-2.02334,40,19.041185
24.517507,40,19.048629
4.007193,40,19.056007
13.824561,40,19.063263
13.926198,40,19.070546
23.710789,40,19.07769
1.069966,40,19.085498
-2.137373,40,19.093363
23.710789,40,19.101567
13.824561,40,19.109368
23.710789,40,19.117416
23.517507,40,19.124917
3.607193,40,19.132047
12.324561,40,19.139307
12.624561,40,19.146491
22.617507,40,19.153881
12.824561,40,19.161325
13.326198,40,19.168721
-28.685496,40,19.176329
-1.259313,40,19.183701
-1.307472,40,19.192764
0.257249,40,19.200548
13.926198,40,19.208258
4.007193,40,19.215777
23.010789,40,19.22287
12.824561,40,19.230223
23.710789,40,19.237778
22.910789,40,19.245218
23.810789,40,19.252507
23.710789,40,19.259723
12.126198,40,19.267031
13.824561,40,19.274076
24.310789,40,19.281144
4.007193,40,19.288342
3.605364,40,19.295512
13.124561,40,19.302892
3.307193,40,19.310079
13.824561,40,19.317148
22.517507,40,19.324733
13.926198,40,19.33181
23.510789,40,19.338792
24.310789,40,19.686322
4.078338,40,19.694062
-2.599,40,19.703204
12.524561,40,19.711069
12.626198,40,19.718717
4.007193,40,19.725999
-0.462149,40,19.733241
-28.831168,40,19.740312
12.626198,40,19.747221
13.326198,40,19.754483
4.778338,40,19.761598
13.424561,40,19.768873
24.310789,40,19.775888
4.007193,40,19.783032
12.824561,40,19.79012
11.826198,40,19.797014
23.810789,40,19.804284
13.424561,40,19.811429
-3.587748,40,19.818586
12.824561,40,19.82574
1.670765,40,19.832874
3.307193,40,19.839977
24.810789,40,19.847158
4.307193,40,19.854271
13.326198,40,19.861362
21.717507,40,19.868867
13.924561,40,19.875947
1.375814,40,19.883065
13.326198,40,19.890216
2.728985,40,19.897257
4.007193,40,19.904521
23.710789,40,19.911504
3.807193,40,19.918802
-1.593089,40,19.926448
-0.517702,40,19.934147
13.926198,40,19.941761
-0.113211,40,19.948841
13.326198,40,19.955656
13.424561,40,19.962495
23.710789,40,19.969263
-4.469255,40,19.976261
-5.81419,40,19.983808
24.517507,40,19.99097
23.710789,40,19.997777
24.517507,40,20.004564
24.517507,40,20.01147
13.424561,40,20.018486
24.310789,40,20.025311
-0.848086,40,20.032268
4.007193,40,20.040952
13.824561,40,20.048382
23.510789,40,20.380564
13.326198,40,20.388598
24.310789,40,20.396432
3.607193,40,20.403817
4.007193,40,20.411128
13.424561,40,20.418639
-0.539341,40,20.426144
13.824561,40,20.433507
24.517507,40,20.440774
24.517507,40,20.448419
13.824561,40,20.456086
24.310789,40,20.463631
0.075814,40,20.471383
13.824561,40,20.478618
12.524561,40,20.486184
13.824561,40,20.493673
23.017507,40,20.50095
24.517507,40,20.507879
4.007193,40,20.515169
22.310789,40,20.522444
24.517507,40,20.530373
24.310789,40,20.538174
4.607193,40,20.545891
12.824561,40,20.553031
4.178338,40,20.559957
24.317507,40,20.566783
13.124561,40,20.573865
3.607193,40,20.580936
13.326198,40,20.587981
12.824561,40,20.595096
13.326198,40,20.602076
23.710789,40,20.609279
-0.963635,40,20.616409
23.210789,40,20.623454
3.287303,40,20.630465
0.506009,40,20.637693
24.310789,40,20.644816
12.824561,40,20.651881
13.326198,40,20.659009
4.078338,40,20.666087
13.824561,40,20.673215
2.359974,40,20.680636
23.710789,40,20.688153
13.926198,40,20.695336
13.424561,40,20.702528
13.124561,40,20.70962
13.926198,40,20.717345
12.126198,40,20.724538
13.424561,40,20.731648
23.310789,40,20.738897
13.824561,40,20.745919
13.824561,40,20.752772
13.124561,40,21.088718
13.824561,40,21.096158
-0.759148,40,21.103195
3.607193,40,21.110163
1.752015,40,21.117145
12.524561,40,21.124481
13.424561,40,21.13176
0.582559,40,21.138884
12.824561,40,21.146224
4.007193,40,21.153367
4.007193,40,21.160439
12.824561,40,21.167638
24.310789,40,21.174881
23.710789,40,21.181862
13.924561,40,21.18862
13.324561,40,21.19538
12.226198,40,21.202145
13.326198,40,21.208952
4.007193,40,21.21688
22.710789,40,21.224152
-2.543065,40,21.231215
13.824561,40,21.238064
23.617507,40,21.244922
13.324561,40,21.251688
13.326198,40,21.258459
23.817507,40,21.265853
13.824561,40,21.273024
24.517507,40,21.280089
23.710789,40,21.287046
23.710789,40,21.294332
13.326198,40,21.301531
-1.289429,40,21.308638
-6.703736,40,21.316827
0.582559,40,21.324381
23.210789,40,21.331617
20.710789,40,21.338606
13.424561,40,21.345792
13.824561,40,21.353106
23.710789,40,21.360395
0.093931,40,21.367436
23.217507,40,21.374603
4.007193,40,21.381734
24.517507,40,21.388649
23.217507,40,21.395668
12.626198,40,21.402667
0.62275,40,21.409767
23.010789,40,21.416746
4.078338,40,21.423854
13.424561,40,21.430986
21.710789,40,21.43846
4.107193,40,21.445726
13.226198,40,21.786933
2.778338,40,21.794558
13.824561,40,21.80178
13.824561,40,21.809039
23.310789,40,21.816317
23.710789,40,21.823408
24.310789,40,21.830515
11.326198,40,21.837783
13.824561,40,21.845027
24.310789,40,21.852112
13.824561,40,21.859345
4.178338,40,21.866434
13.824561,40,21.873493
4.107193,40,21.881071
4.007193,40,21.888543
-1.048086,40,21.895809
22.710789,40,21.903021
3.107193,40,21.910211
23.010789,40,21.917931
0.006237,40,21.925483
13.926198,40,21.932762
4.407193,40,21.940066
24.517507,40,21.947331
2.307193,40,21.954436
3.307193,40,21.961568
24.517507,40,21.968987
24.517507,40,21.976333
13.124561,40,21.985135
24.310789,40,21.992777
2.929756,40,22.000178
12.624561,40,22.007398
24.310789,40,22.014682
13.824561,40,22.022579
23.710789,40,22.029861
13.824561,40,22.037075
4.578338,40,22.044396
13.424561,40,22.051593
24.517507,40,22.058748
23.710789,40,22.065968
-0.48063,40,22.073173
24.517507,40,22.080291
11.926198,40,22.08759
24.310789,40,22.094676
-1.846291,40,22.1017
23.710789,40,22.10878
4.007193,40,22.11582
-3.663864,40,22.123001
12.326198,40,22.13086
13.126198,40,22.138998
3.307193,40,22.146957
13.124561,40,22.15422
13.326198,40,22.488985
23.710789,40,22.497143
3.078338,40,22.504878
4.007193,40,22.512046
13.424561,40,22.519037
3.778338,40,22.526311
24.310789,40,22.534013
4.107193,40,22.541276
13.824561,40,22.548251
13.924561,40,22.555183
4.107193,40,22.562579
4.078338,40,22.569766
23.710789,40,22.576769
4.178338,40,22.583568
24.517507,40,22.590375
13.326198,40,22.59737
13.824561,40,22.604906
13.424561,40,22.61197
24.517507,40,22.618856
23.710789,40,22.626064
13.424561,40,22.633148
24.517507,40,22.640202
23.710789,40,22.647269
13.124561,40,22.654472
24.517507,40,22.661676
11.924561,40,22.668895
13.824561,40,22.67606
4.107193,40,22.683264
13.424561,40,22.690449
-1.368594,40,22.697644
24.310789,40,22.704968
4.078338,40,22.713715
23.817507,40,22.721252
13.824561,40,22.728576
13.824561,40,22.736217
12.824561,40,22.743413
13.926198,40,22.750938
3.078338,40,22.758433
13.926198,40,22.765973
23.710789,40,22.773265
24.310789,40,22.780544
12.824561,40,22.787721
4.078338,40,22.795199
4.007193,40,22.802607
13.926198,40,22.809937
13.926198,40,22.817288
2.607193,40,22.824438
23.710789,40,22.831708
13.424561,40,22.839422
0.243292,40,22.84709
13.926198,40,22.854361
4.007193,40,23.195797
13.326198,40,23.203708
4.107193,40,23.211048
12.624561,40,23.218288
4.178338,40,23.22535
13.926198,40,23.232501
13.824561,40,23.239823
4.078338,40,23.24702
24.310789,40,23.254153
24.517507,40,23.261239
22.017507,40,23.26828
13.926198,40,23.27538
3.307193,40,23.28254
4.107193,40,23.289659
24.517507,40,23.296906
23.010789,40,23.3046
13.424561,40,23.311904
-0.293763,40,23.319178
24.517507,40,23.326473
23.710789,40,23.333619
13.926198,40,23.340765
23.710789,40,23.348268
3.307193,40,23.355501
24.517507,40,23.362821
-2.272716,40,23.370099
13.824561,40,23.377694
13.824561,40,23.385261
13.924561,40,23.392722
24.310789,40,23.400116
4.007193,40,23.407827
24.517507,40,23.416226
23.817507,40,23.42442
13.926198,40,23.43213
1.126985,40,23.439633
24.310789,40,23.44707
24.810789,40,23.45519
24.517507,40,23.462682
23.710789,40,23.47012
3.007193,40,23.477668
24.517507,40,23.485007
21.710789,40,23.492317
13.824561,40,23.49966
11.924561,40,23.506992
0.277368,40,23.514215
-1.432879,40,23.521255
4.107193,40,23.528335
-2.597409,40,23.53536
22.010789,40,23.543191
4.078338,40,23.550461
13.824561,40,23.557768
4.078338,40,23.56503
13.424561,40,23.901518
13.926198,40,23.90952
13.824561,40,23.91754
4.078338,40,23.925677
13.824561,40,23.933009
24.010789,40,23.940232
12.824561,40,23.947479
12.824561,40,23.954675
13.824561,40,23.961969
-1.148086,40,23.969165
24.310789,40,23.976498
4.007193,40,23.983554
-1.92334,40,23.990756
13.424561,40,23.998412
3.076903,40,24.005836
0.449942,40,24.013012
3.607193,40,24.020069
23.517507,40,24.027226
-1.751366,40,24.03442
24.310789,40,24.041706
23.710789,40,24.04894
24.517507,40,24.056015
21.710789,40,24.063011
24.517507,40,24.070012
23.710789,40,24.077043
24.517507,40,24.085635
24.310789,40,24.093133
12.824561,40,24.100396
13.226198,40,24.107591
12.826198,40,24.114876
23.817507,40,24.122269
22.510789,40,24.130616
4.007193,40,24.137731
13.824561,40,24.144705
23.217507,40,24.152002
24.310789,40,24.159286
4.078338,40,24.166448
24.517507,40,24.173667
23.617507,40,24.180718
4.007193,40,24.187699
4.078338,40,24.195029
4.007193,40,24.202251
4.078338,40,24.209271
4.007193,40,24.216499
3.078338,40,24.223466
4.007193,40,24.230879
1.375814,40,24.238132
-1.368594,40,24.245161
13.824561,40,24.25228
24.310789,40,24.259389
4.107193,40,24.266319
13.124561,40,24.273439
12.924561,40,24.608007
23.710789,40,24.615682
24.517507,40,24.623733
0.624539,40,24.631119
12.524561,40,24.638578
13.824561,40,24.645647
22.710789,40,24.652841
23.710789,40,24.659985
24.310789,40,24.667122
2.194828,40,24.674293
24.517507,40,24.681356
2.299648,40,24.688443
13.824561,40,24.695454
13.824561,40,24.702473
13.924561,40,24.709779
13.926198,40,24.71711
4.007193,40,24.724242
24.517507,40,24.731527
4.007193,40,24.738791
23.217507,40,24.746022
4.007193,40,24.753717
2.188254,40,24.760861
4.605364,40,24.767903
4.178338,40,24.775031
-0.717864,40,24.782336
24.517507,40,24.789575
24.310789,40,24.796743
13.926198,40,24.804385
22.810789,40,24.811923
-0.40067,40,24.81998
13.926198,40,24.827651
2.607193,40,24.834695
24.310789,40,24.841748
1.670765,40,24.848912
13.226198,40,24.85601
4.107193,40,24.863041
24.310789,40,24.870144
4.178338,40,24.877338
13.326198,40,24.884356
13.926198,40,24.891484
13.824561,40,24.898553
13.824561,40,24.905567
4.007193,40,24.912726
24.310789,40,24.919737
24.310789,40,24.927252
23.817507,40,24.934535
4.007193,40,24.941936
13.926198,40,24.949403
13.926198,40,24.957075
13.926198,40,24.964633
12.824561,40,24.972449
-1.332486,40,25.298945
24.310789,40,25.306339
24.517507,40,25.313384
13.824561,40,25.320839
13.424561,40,25.327917
4.107193,40,25.334927
13.926198,40,25.341726
-1.738721,40,25.348769
-2.320695,40,25.355797
24.310789,40,25.362856
24.310789,40,25.370429
13.226198,40,25.377599
13.824561,40,25.384616
4.178338,40,25.391492
23.010789,40,25.398505
4.078338,40,25.405613
4.078338,40,25.412536
13.424561,40,25.419507
4.107193,40,25.426678
13.824561,40,25.43388
13.824561,40,25.441032
24.310789,40,25.448104
4.007193,40,25.45517
24.310789,40,25.46242
4.078338,40,25.469522
-5.911424,40,25.476562
24.517507,40,25.483658
13.924561,40,25.490759
23.710789,40,25.497845
4.078338,40,25.50477
4.107193,40,25.512124
23.710789,40,25.520802
24.310789,40,25.528669
3.378338,40,25.536049
24.310789,40,25.543169
24.310789,40,25.550064
-2.266563,40,25.557003
4.007193,40,25.56395
13.824561,40,25.571222
13.124561,40,25.578329
13.824561,40,25.585508
24.810789,40,25.592696
4.078338,40,25.599679
13.824561,40,25.606747
23.817507,40,25.613588
23.710789,40,25.620675
23.710789,40,25.627708
24.310789,40,25.635321
24.310789,40,25.642459
3.107193,40,25.649392
2.728985,40,25.656204
4.078338,40,25.99468
13.424561,40,26.002117
3.607193,40,26.00984
4.007193,40,26.016974
-0.504864,40,26.024092
24.517507,40,26.031088
-1.289429,40,26.037968
13.824561,40,26.04482
4.078338,40,26.051782
0.957249,40,26.05922
13.824561,40,26.066625
4.007193,40,26.073811
13.926198,40,26.080875
23.817507,40,26.087868
23.710789,40,26.094924
13.926198,40,26.101974
-1.148086,40,26.109015
4.078338,40,26.116166
5.107193,40,26.123369
24.310789,40,26.130451
24.310789,40,26.137434
4.607193,40,26.144446
-0.293763,40,26.151391
4.007193,40,26.158451
24.310789,40,26.165588
3.778338,40,26.172621
24.310789,40,26.179765
24.410789,40,26.18708
-1.289429,40,26.194255
4.078338,40,26.202678
24.310789,40,26.210117
23.710789,40,26.217445
4.007193,40,26.224838
24.310789,40,26.231852
13.326198,40,26.238773
-0.417864,40,26.245677
13.824561,40,26.252482
4.078338,40,26.259305
24.517507,40,26.266246
4.107193,40,26.273597
24.310789,40,26.280665
13.326198,40,26.287859
4.007193,40,26.294859
24.517507,40,26.302104
24.410789,40,26.309441
13.926198,40,26.316557
4.007193,40,26.323598
4.078338,40,26.330735
13.326198,40,26.337627
4.078338,40,26.34474
13.326198,40,26.351764
4.178338,40,26.689332
13.924561,40,26.696636
23.817507,40,26.703599
13.024561,40,26.711003
23.710789,40,26.718798
24.310789,40,26.726027
4.508061,40,26.733253
13.424561,40,26.741347
24.310789,40,26.748855
24.310789,40,26.75693
13.824561,40,26.764977
24.517507,40,26.772401
24.310789,40,26.779747
24.310789,40,26.78706
4.178338,40,26.794305
4.078338,40,26.801684
1.671324,40,26.809132
23.710789,40,26.816634
24.310789,40,26.824289
13.824561,40,26.831751
13.824561,40,26.839014
12.524561,40,26.846038
24.310789,40,26.853049
24.310789,40,26.860398
13.824561,40,26.868177
13.824561,40,26.875565
13.926198,40,26.882759
13.124561,40,26.890693
13.824561,40,26.898545
24.517507,40,26.906504
4.107193,40,26.913886
23.710789,40,26.921053
13.124561,40,26.928524
13.824561,40,26.93598
24.310789,40,26.944015
4.007193,40,26.951869
24.310789,40,26.959285
24.517507,40,26.967054
24.310789,40,26.974583
1.722508,40,26.982346
4.078338,40,26.989933
13.926198,40,26.997052
24.310789,40,27.004158
4.007193,40,27.012037
4.078338,40,27.019745
24.310789,40,27.027902
24.310789,40,27.036266
24.310789,40,27.043537
24.310789,40,27.050912
1.670765,40,27.058446
24.310789,40,27.065577
-0.085737,40,27.40591
13.926198,40,27.413255
24.310789,40,27.420237
4.505745,40,27.427209
3.378338,40,27.434104
4.007193,40,27.441051
13.824561,40,27.449482
13.226198,40,27.457214
24.517507,40,27.464376
13.824561,40,27.471319
24.517507,40,27.478667
12.524561,40,27.485666
23.817507,40,27.4927
13.124561,40,27.49975
24.310789,40,27.507442
24.310789,40,27.514635
24.310789,40,27.521689
4.078338,40,27.528538
23.710789,40,27.535424
4.007193,40,27.542544
4.007193,40,27.549993
24.310789,40,27.557155
13.326198,40,27.564106
24.310789,40,27.57095
13.124561,40,27.5778
23.010789,40,27.584628
4.178338,40,27.591745
4.078338,40,27.599147
24.310789,40,27.606435
5.175632,40,27.61321
24.810789,40,27.620438
-0.291039,40,27.627401
13.926198,40,27.634312
13.124561,40,27.641391
13.824561,40,27.648812
13.926198,40,27.656084
0.082136,40,27.663035
4.007193,40,27.669992
4.178338,40,27.676778
13.824561,40,27.683542
13.824561,40,27.690453
24.310789,40,27.697512
2.27788,40,27.704591
23.210789,40,27.711977
24.310789,40,27.71887
24.517507,40,27.725681
23.010789,40,27.732525
23.710789,40,27.739708
4.007193,40,27.746663
4.078338,40,27.754248
11.826198,40,27.761482
13.124561,40,27.768843
13.926198,40,28.106114
24.510789,40,28.113395
24.010789,40,28.120416
4.107193,40,28.128292
-0.445242,40,28.135398
12.626198,40,28.142535
24.310789,40,28.149638
3.078338,40,28.157456
23.710789,40,28.165131
24.517507,40,28.172709
-0.08063,40,28.18082
4.078338,40,28.188667
4.734889,40,28.196179
23.710789,40,28.204267
4.078338,40,28.211473
4.078338,40,28.218585
4.007193,40,28.225694
13.424561,40,28.233688
4.078338,40,28.241366
4.678338,40,28.248785
4.078338,40,28.255938
4.078338,40,28.263761
13.824561,40,28.270913
-0.393697,40,28.278184
22.810789,40,28.286012
4.107193,40,28.294231
4.078338,40,28.301449
13.424561,40,28.308532
13.824561,40,28.315633
13.926198,40,28.322706
4.107193,40,28.330775
0.186756,40,28.338498
23.710789,40,28.345831
13.326198,40,28.352988
24.810789,40,28.361006
24.517507,40,28.367949
4.078338,40,28.37491
4.007193,40,28.381874
4.007193,40,28.389947
23.710789,40,28.397384
13.926198,40,28.404826
13.124561,40,28.412022
13.326198,40,28.420469
4.007193,40,28.427747
13.926198,40,28.43493
2.607193,40,28.442143
24.517507,40,28.450375
13.226198,40,28.457573
24.310789,40,28.46471
23.217507,40,28.471845
22.310789,40,28.478876
4.407193,40,28.809176
13.424561,40,28.817244
4.078338,40,28.824337
25.710789,40,28.831298
3.378338,40,28.838139
23.817507,40,28.845049
23.710789,40,28.851951
1.027375,40,28.858826
23.710789,40,28.865706
13.124561,40,28.872791
13.926198,40,28.87987
3.307193,40,28.886793
24.517507,40,28.893703
13.926198,40,28.9005
3.778338,40,28.907674
24.310789,40,28.915383
13.824561,40,28.922339
4.007193,40,28.929192
13.926198,40,28.936252
22.510789,40,28.944185
4.078338,40,28.951336
13.824561,40,28.959094
-5.529844,40,28.966291
13.824561,40,28.973599
1.271515,40,28.980514
24.310789,40,28.98736
3.778338,40,28.994149
4.407193,40,29.000937
24.517507,40,29.007757
4.007193,40,29.014561
4.007193,40,29.021403
4.007193,40,29.028206
24.310789,40,29.034987
13.326198,40,29.041774
3.607193,40,29.048564
4.007193,40,29.055441
24.517507,40,29.062313
4.407193,40,29.069214
13.424561,40,29.076016
4.078338,40,29.082829
3.707193,40,29.089569
13.824561,40,29.09636
24.517507,40,29.103181
24.310789,40,29.109968
4.407193,40,29.116806
-0.377976,40,29.123678
13.926198,40,29.130518
1.670765,40,29.137321
4.107193,40,29.144161
13.424561,40,29.150966
24.517507,40,29.157752
0.282136,40,29.4839
4.407193,40,29.491051
5.107193,40,29.497958
13.424561,40,29.504864
24.310789,40,29.511786
4.605364,40,29.518625
13.926198,40,29.525485
24.310789,40,29.532321
23.217507,40,29.53912
13.824561,40,29.546003
24.310789,40,29.552825
13.824561,40,29.559743
4.007193,40,29.566788
13.424561,40,29.57362
3.007193,40,29.580476
13.824561,40,29.587236
24.517507,40,29.594042
-5.542022,40,29.600809
24.310789,40,29.607596
13.924561,40,29.614379
1.705566,40,29.621126
23.310789,40,29.627932
13.824561,40,29.634696
-1.494586,40,29.641471
24.517507,40,29.648226
4.007193,40,29.654994
13.824561,40,29.661745
13.926198,40,29.668475
-1.710345,40,29.675276
4.078338,40,29.682042
13.824561,40,29.68882
13.326198,40,29.695542
12.224561,40,29.702273
24.310789,40,29.709003
24.310789,40,29.715814
0.316868,40,29.722596
13.824561,40,29.72935
24.517507,40,29.736362
24.310789,40,29.743198
4.007193,40,29.750017
13.824561,40,29.756849
4.078338,40,29.763675
11.326198,40,29.770476
24.517507,40,29.777314
24.517507,40,29.784162
13.824561,40,29.790973
13.226198,40,29.797785
13.824561,40,29.804604
13.726198,40,29.811373
24.310789,40,29.818119
13.926198,40,29.824942
4.007193,40,30.15076
4.007193,40,30.158231
13.824561,40,30.165509
24.810789,40,30.172605
24.310789,40,30.17964
13.824561,40,30.186499
13.824561,40,30.193292
4.007193,40,30.200151
24.517507,40,30.206984
24.810789,40,30.213751
13.824561,40,30.220599
13.926198,40,30.227354
13.424561,40,30.234189
24.310789,40,30.241059
24.310789,40,30.247845
13.824561,40,30.254641
24.310789,40,30.261451
24.517507,40,30.26821
24.310789,40,30.27499
4.407193,40,30.281795
13.824561,40,30.288778
3.307193,40,30.295735
4.007193,40,30.302616
25.410789,40,30.309418
24.517507,40,30.316205
4.007193,40,30.322987
13.824561,40,30.3298
4.078338,40,30.336553
23.710789,40,30.343337
24.310789,40,30.350068
24.310789,40,30.356812
4.107193,40,30.363626
13.326198,40,30.370362
13.326198,40,30.377145
24.310789,40,30.38395
5.178338,40,30.390715
24.517507,40,30.397488
13.926198,40,30.40424
24.517507,40,30.410956
12.624561,40,30.418027
24.310789,40,30.42499
4.007193,40,30.431863
23.310789,40,30.438706
4.178338,40,30.44557
13.824561,40,30.452387
13.926198,40,30.4592
13.824561,40,30.466087
4.007193,40,30.472928
4.007193,40,30.479742
13.824561,40,30.486621
0.582559,40,30.493423
3.607193,40,30.822773
4.007193,40,30.830049
13.924561,40,30.836982
13.926198,40,30.844009
4.078338,40,30.85114
13.926198,40,30.858642
4.078338,40,30.865807
24.310789,40,30.873179
24.310789,40,30.880281
23.310789,40,30.887268
23.710789,40,30.894097
13.824561,40,30.900947
4.007193,40,30.907757
23.710789,40,30.914534
13.124561,40,30.921368
23.110789,40,30.928169
24.310789,40,30.934917
13.326198,40,30.941939
4.078338,40,30.948722
4.407193,40,30.955531
13.824561,40,30.96231
24.517507,40,30.969088
13.926198,40,30.975833
23.710789,40,30.982645
13.824561,40,30.989448
24.310789,40,30.996223
2.728985,40,31.002936
13.926198,40,31.009676
13.824561,40,31.016723
4.178338,40,31.023648
13.926198,40,31.03052
24.310789,40,31.037327
13.824561,40,31.044141
3.778338,40,31.050941
4.740398,40,31.057732
24.310789,40,31.064529
13.824561,40,31.071381
24.517507,40,31.078174
23.710789,40,31.08496
13.824561,40,31.091789
13.824561,40,31.098594
3.378338,40,31.10539
24.310789,40,31.112211
13.824561,40,31.119028
24.310789,40,31.126004
24.310789,40,31.132891
4.078338,40,31.139666
12.926198,40,31.146438
13.824561,40,31.153265
4.007193,40,31.160102
0.957249,40,31.166943
24.517507,40,31.173723
24.310789,40,31.502295
4.407193,40,31.50941
13.424561,40,31.516194
24.310789,40,31.522967
4.107193,40,31.529677
4.007193,40,31.536386
12.624561,40,31.54307
3.004461,40,31.549754
4.007193,40,31.556456
24.310789,40,31.563199
13.824561,40,31.569979
4.807193,40,31.576817
-0.596081,40,31.583624
13.126198,40,31.590476
13.124561,40,31.597782
4.078338,40,31.604945
3.307193,40,31.61184
13.824561,40,31.618727
-1.984636,40,31.625578
13.824561,40,31.632447
24.517507,40,31.639294
24.310789,40,31.646091
24.310789,40,31.652919
24.310789,40,31.659761
1.375814,40,31.666843
4.607193,40,31.673774
24.517507,40,31.68053
13.824561,40,31.68731
4.007193,40,31.694013
4.078338,40,31.700685
24.517507,40,31.707791
1.375814,40,31.71486
13.824561,40,31.721767
13.424561,40,31.728605
24.310789,40,31.735603
4.505745,40,31.742538
4.607193,40,31.749293
4.007193,40,31.75604
0.506237,40,31.762753
4.178338,40,31.769387
1.920021,40,31.77618
4.078338,40,31.782868
4.007193,40,31.789554
4.007193,40,31.796293
13.824561,40,31.802987
13.824561,40,31.80971
3.378338,40,31.816422
-0.344451,40,31.823415
0.786253,40,31.830528
1.557249,40,31.837528
13.824561,40,31.844433
24.310789,40,32.173224
12.926198,40,32.180545
13.824561,40,32.187509
4.007193,40,32.194412
-0.217441,40,32.201255
24.310789,40,32.208108
13.824561,40,32.214981
24.310789,40,32.22179
4.007193,40,32.228587
23.510789,40,32.235395
12.824561,40,32.242242
24.517507,40,32.249065
24.310789,40,32.255889
13.824561,40,32.2627
13.926198,40,32.269482
13.124561,40,32.276315
24.310789,40,32.283365
24.310789,40,32.290319
4.007193,40,32.297169
24.310789,40,32.304067
24.310789,40,32.310923
13.424561,40,32.317751
13.424561,40,32.324565
-0.417864,40,32.33136
4.007193,40,32.338149
13.824561,40,32.344973
22.810789,40,32.351781
23.710789,40,32.35859
2.607193,40,32.365397
4.007193,40,32.372173
24.517507,40,32.378977
24.310789,40,32.385751
23.710789,40,32.392559
4.078338,40,32.399386
23.710789,40,32.406243
4.007193,40,32.413071
12.926198,40,32.419937
13.226198,40,32.426759
24.517507,40,32.433593
13.824561,40,32.440437
23.817507,40,32.447261
4.007193,40,32.454106
13.824561,40,32.46098
24.310789,40,32.467862
24.310789,40,32.474724
24.310789,40,32.481607
4.078338,40,32.488439
24.517507,40,32.495265
24.310789,40,32.502099
4.078338,40,32.508917
13.124561,40,32.515794
24.310789,40,32.842813
24.310789,40,32.85016
24.517507,40,32.857133
2.607193,40,32.864132
13.824561,40,32.871037
13.226198,40,32.877933
13.824561,40,32.884766
22.710789,40,32.891731
4.007193,40,32.898594
24.310789,40,32.905429
13.926198,40,32.912237
4.007193,40,32.919036
3.007193,40,32.925886
13.226198,40,32.932684
4.178338,40,32.93952
3.778338,40,32.9463
13.926198,40,32.953398
13.424561,40,32.960395
23.710789,40,32.967278
24.517507,40,32.974197
4.078338,40,32.98101
13.926198,40,32.987818
4.078338,40,32.99459
-0.48764,40,33.001389
13.926198,40,33.008227
4.407193,40,33.015092
13.824561,40,33.021918
24.310789,40,33.028776
13.926198,40,33.03559
23.817507,40,33.042398
4.078338,40,33.049166
23.817507,40,33.055962
24.310789,40,33.062944
13.824561,40,33.069861
4.007193,40,33.076663
13.926198,40,33.083426
4.007193,40,33.090194
24.517507,40,33.096952
22.810789,40,33.103697
13.824561,40,33.110459
24.310789,40,33.117201
13.824561,40,33.123929
13.824561,40,33.130694
13.926198,40,33.137402
13.926198,40,33.144111
1.143064,40,33.150847
13.824561,40,33.157559
24.310789,40,33.16429
23.710789,40,33.17104
24.517507,40,33.177784
13.326198,40,33.184484
4.107193,40,33.515799
23.710789,40,33.523395
13.326198,40,33.531134
24.517507,40,33.538295
13.926198,40,33.545146
23.710789,40,33.552143
13.326198,40,33.559137
13.926198,40,33.565947
4.007193,40,33.573
12.524561,40,33.580109
13.424561,40,33.586958
13.824561,40,33.593886
13.824561,40,33.600798
13.424561,40,33.607656
4.007193,40,33.614476
4.078338,40,33.621218
13.824561,40,33.628103
24.310789,40,33.634982
2.607193,40,33.64182
13.824561,40,33.648635
13.124561,40,33.655482
23.710789,40,33.662306
24.517507,40,33.669115
13.824561,40,33.675924
24.517507,40,33.682727
3.607193,40,33.689545
13.824561,40,33.696346
13.926198,40,33.703245
-0.845242,40,33.71004
13.926198,40,33.716869
13.824561,40,33.723732
13.926198,40,33.730575
4.078338,40,33.737432
23.710789,40,33.744228
24.310789,40,33.751043
13.824561,40,33.757883
-0.106758,40,33.764649
13.926198,40,33.771451
4.007193,40,33.778192
13.824561,40,33.785079
-3.983374,40,33.791956
4.407193,40,33.798768
24.517507,40,33.805527
4.007193,40,33.812347
-27.289546,40,33.819195
13.824561,40,33.826081
13.824561,40,33.832925
4.407193,40,33.83976
4.078338,40,33.846547
23.110789,40,33.853339
23.710789,40,33.860106
4.007193,40,34.18231
13.824561,40,34.189506
24.517507,40,34.196425
24.310789,40,34.203261
13.926198,40,34.210104
24.310789,40,34.216993
4.407193,40,34.223803
4.007193,40,34.230598
23.710789,40,34.237475
24.310789,40,34.244297
4.407193,40,34.25114
13.124561,40,34.258021
-2.06058,40,34.264877
-1.448086,40,34.271781
13.824561,40,34.278726
13.924561,40,34.285579
1.670765,40,34.292454
13.926198,40,34.299215
13.926198,40,34.305993
12.926198,40,34.31276
13.926198,40,34.319519
24.310789,40,34.326334
24.310789,40,34.333187
24.310789,40,34.339947
13.824561,40,34.346719
13.926198,40,34.35348
13.824561,40,34.360244
24.517507,40,34.367024
4.614016,40,34.374021
24.517507,40,34.380752
24.517507,40,34.38751
24.517507,40,34.394472
2.722111,40,34.401407
13.824561,40,34.408301
23.710789,40,34.415187
13.926198,40,34.422104
24.310789,40,34.428953
4.078338,40,34.435766
23.710789,40,34.442605
13.326198,40,34.449488
13.926198,40,34.456334
5.107193,40,34.463302
24.517507,40,34.470193
23.817507,40,34.477016
24.517507,40,34.48379
13.824561,40,34.490623
24.310789,40,34.497417
13.824561,40,34.504273
13.824561,40,34.511204
4.007193,40,34.518195
24.517507,40,34.524995
24.310789,40,34.531794
12.424561,40,34.860771
23.710789,40,34.867976
13.824561,40,34.874915
-1.708469,40,34.881745
13.824561,40,34.888577
13.824561,40,34.895398
13.926198,40,34.90217
4.007193,40,34.909022
13.424561,40,34.915858
25.817507,40,34.922668
4.007193,40,34.929527
24.517507,40,34.936291
13.926198,40,34.943044
13.824561,40,34.949906
2.607193,40,34.956709
13.824561,40,34.963483
13.824561,40,34.970548
4.007193,40,34.977542
2.488481,40,34.984366
4.007193,40,34.991206
-1.477947,40,34.997973
24.310789,40,35.004735
12.726198,40,35.011489
24.810789,40,35.018295
-1.148086,40,35.025022
-0.40067,40,35.03173
13.824561,40,35.038497
13.124561,40,35.045342
24.310789,40,35.052176
13.926198,40,35.058933
13.926198,40,35.06572
0.625064,40,35.072478
12.824561,40,35.079632
13.326198,40,35.086621
24.310789,40,35.093556
13.924561,40,35.100465
4.078338,40,35.107322
24.517507,40,35.114206
13.824561,40,35.121054
23.710789,40,35.127959
24.310789,40,35.134848
13.824561,40,35.14173
13.124561,40,35.14857
13.824561,40,35.155516
4.078338,40,35.162641
4.107193,40,35.169684
24.310789,40,35.176764
4.007193,40,35.183731
4.178338,40,35.190583
4.078338,40,35.197402
13.926198,40,35.204238
4.007193,40,35.536176
24.517507,40,35.543244
23.710789,40,35.550127
3.607193,40,35.557011
13.824561,40,35.563819
13.424561,40,35.570636
4.078338,40,35.577464
24.310789,40,35.584233
12.024561,40,35.591056
4.078338,40,35.597881
24.517507,40,35.604689
25.817507,40,35.611473
24.310789,40,35.618294
13.824561,40,35.625091
24.310789,40,35.631888
3.507193,40,35.638707
13.926198,40,35.645745
4.078338,40,35.652691
24.517507,40,35.659561
13.824561,40,35.666406
13.926198,40,35.673291
13.926198,40,35.680206
24.517507,40,35.687045
13.926198,40,35.693905
3.607193,40,35.700742
24.810789,40,35.707565
13.824561,40,35.714399
4.078338,40,35.721224
24.310789,40,35.728074
3.778338,40,35.734891
13.824561,40,35.741705
24.517507,40,35.748517
4.007193,40,35.755329
3.17866,40,35.762111
24.517507,40,35.768859
24.517507,40,35.776068
12.424561,40,35.783161
24.310789,40,35.790152
13.824561,40,35.797124
23.710789,40,35.804112
13.824561,40,35.811068
13.824561,40,35.817962
13.824561,40,35.824893
4.078338,40,35.831811
3.668552,40,35.838721
4.078338,40,35.845592
24.310789,40,35.852495
24.310789,40,35.859379
4.078338,40,35.866301
4.007193,40,35.873181
24.310789,40,35.880081
5.107193,40,36.21228
24.317507,40,36.219554
0.414691,40,36.226511
4.007193,40,36.23348
24.517507,40,36.240399
24.310789,40,36.247331
24.517507,40,36.254196
24.517507,40,36.261059
13.124561,40,36.267971
13.824561,40,36.27483
24.310789,40,36.281717
4.007193,40,36.288607
4.107193,40,36.295492
3.707193,40,36.302328
23.317507,40,36.309306
24.310789,40,36.316234
4.078338,40,36.323046
3.578338,40,36.329812
13.824561,40,36.33662
13.824561,40,36.343469
23.817507,40,36.350276
13.926198,40,36.357045
4.007193,40,36.363853
24.310789,40,36.370612
4.007193,40,36.377399
24.517507,40,36.384174
4.178338,40,36.390925
4.007193,40,36.397701
2.707193,40,36.404504
13.926198,40,36.411241
13.926198,40,36.418003
13.926198,40,36.424767
4.007193,40,36.43178
4.007193,40,36.438723
23.010789,40,36.445613
13.224561,40,36.452452
-2.137373,40,36.459266
24.310789,40,36.466104
3.607193,40,36.472939
13.824561,40,36.479778
4.007193,40,36.486591
3.707193,40,36.493378
24.517507,40,36.500199
23.710789,40,36.507045
24.310789,40,36.513835
13.824561,40,36.52068
24.310789,40,36.527528
13.424561,40,36.534372
24.310789,40,36.541247
24.310789,40,36.548097
13.824561,40,36.55494
13.824561,40,36.914769
13.824561,40,36.922209
3.607193,40,36.929588
13.824561,40,36.936562
13.824561,40,36.943513
23.310789,40,36.950462
13.824561,40,36.957429
4.107193,40,36.964369
2.607193,40,36.971312
13.926198,40,36.97819
13.824561,40,36.985118
4.007193,40,36.992067
3.007193,40,36.998988
0.500091,40,37.005898
4.078338,40,37.012801
23.710789,40,37.019754
24.310789,40,37.026651
24.517507,40,37.033732
4.078338,40,37.040835
4.078338,40,37.047818
13.824561,40,37.054789
24.810789,40,37.061674
-0.523611,40,37.068552
4.007193,40,37.075494
13.926198,40,37.082362
13.824561,40,37.089286
13.824561,40,37.096179
24.810789,40,37.10309
24.310789,40,37.109956
2.188254,40,37.116868
4.107193,40,37.123754
13.824561,40,37.130651
24.310789,40,37.137503
-0.769464,40,37.144367
24.517507,40,37.151252
13.824561,40,37.158287
24.310789,40,37.165171
22.517507,40,37.171993
0.060426,40,37.178774
-1.743065,40,37.185545
24.310789,40,37.192282
13.824561,40,37.199045
24.310789,40,37.205787
5.175632,40,37.212508
4.007193,40,37.219242
23.710789,40,37.225978
23.710789,40,37.232716
24.310789,40,37.239453
13.824561,40,37.246143
24.310789,40,37.252848
24.517507,40,37.259516
4.107193,40,37.588923
13.424561,40,37.596204
13.824561,40,37.60319
24.517507,40,37.610089
13.824561,40,37.616977
12.524561,40,37.623891
4.007193,40,37.630772
4.078338,40,37.637658
13.926198,40,37.644505
24.310789,40,37.65137
13.824561,40,37.65823
4.007193,40,37.665111
13.824561,40,37.671936
13.926198,40,37.67877
13.926198,40,37.685609
24.810789,40,37.692463
4.007193,40,37.699653
23.817507,40,37.706626
13.926198,40,37.713474
24.517507,40,37.720296
13.824561,40,37.727138
24.010789,40,37.733938
3.607193,40,37.740782
24.517507,40,37.747664
24.310789,40,37.754524
13.926198,40,37.761325
24.310789,40,37.76819
4.078338,40,37.774928
13.926198,40,37.781694
24.310789,40,37.788479
13.124561,40,37.795323
23.110789,40,37.802138
4.307193,40,37.809101
-1.148086,40,37.816133
13.824561,40,37.823043
24.517507,40,37.829928
12.726198,40,37.836823
24.310789,40,37.843692
3.307193,40,37.850516
13.926198,40,37.857358
13.824561,40,37.864176
3.107193,40,37.871048
13.824561,40,37.877922
13.824561,40,37.884691
13.824561,40,37.891524
24.517507,40,37.898789
13.824561,40,37.906134
3.507193,40,37.913056
13.824561,40,37.919935
4.007193,40,37.926799
24.310789,40,37.933623
13.824561,40,37.940877
24.310789,40,38.269469
4.078338,40,38.276719
4.078338,40,38.283658
4.007193,40,38.290602
13.824561,40,38.297513
4.078338,40,38.304432
13.824561,40,38.311327
4.775632,40,38.318142
4.007193,40,38.324976
2.335587,40,38.331846
23.710789,40,38.338713
4.407193,40,38.345592
22.810789,40,38.352434
24.310789,40,38.359281
4.007193,40,38.366123
4.007193,40,38.372946
24.310789,40,38.379748
13.926198,40,38.386819
13.824561,40,38.393856
4.078338,40,38.400771
4.078338,40,38.407669
-4.799017,40,38.414597
13.926198,40,38.421481
24.310789,40,38.428377
4.078338,40,38.435276
4.007193,40,38.442154
24.310789,40,38.449022
12.726198,40,38.455893
24.310789,40,38.462722
4.605364,40,38.469601
4.078338,40,38.476426
24.310789,40,38.483231
24.310789,40,38.490082
24.310789,40,38.497089
4.078338,40,38.503935
13.824561,40,38.510741
4.078338,40,38.517517
13.824561,40,38.524329
24.517507,40,38.531098
24.310789,40,38.537897
13.824561,40,38.544637
13.124561,40,38.551394
25.510789,40,38.558215
4.078338,40,38.564976
24.517507,40,38.571751
24.310789,40,38.578562
13.926198,40,38.585279
13.824561,40,38.592064
13.926198,40,38.598824
13.824561,40,38.605644
4.078338,40,38.612408
24.310789,40,38.940132
13.226198,40,38.947412
13.824561,40,38.954315
24.310789,40,38.961154
13.824561,40,38.968002
4.078338,40,38.974811
24.310789,40,38.981652
24.310789,40,38.988492
4.007193,40,38.995299
-18.319139,40,39.002107
4.078338,40,39.008966
4.078338,40,39.015736
4.078338,40,39.022511
4.107193,40,39.029296
13.824561,40,39.036056
4.007193,40,39.042852
13.824561,40,39.05014
24.517507,40,39.057192
-1.432879,40,39.064167
24.310789,40,39.071152
13.824561,40,39.078102
13.824561,40,39.085047
24.517507,40,39.09193
4.007193,40,39.098815
24.310789,40,39.105713
13.926198,40,39.112595
13.926198,40,39.119465
13.424561,40,39.126373
24.310789,40,39.133262
4.078338,40,39.140119
24.517507,40,39.147052
4.007193,40,39.153925
4.078338,40,39.161012
23.710789,40,39.167911
5.175632,40,39.174759
24.310789,40,39.181608
12.926198,40,39.188441
24.310789,40,39.195299
3.168552,40,39.202177
-2.057271,40,39.209022
24.310789,40,39.215864
4.007193,40,39.222687
24.517507,40,39.229482
24.517507,40,39.236297
24.517507,40,39.243098
24.310789,40,39.249936
13.824561,40,39.256717
4.007193,40,39.263554
4.607193,40,39.270554
24.517507,40,39.277489
4.078338,40,39.284372
4.007193,40,39.610738
24.517507,40,39.617848
4.007193,40,39.624778
13.926198,40,39.631635
4.007193,40,39.638514
13.926198,40,39.645353
4.107193,40,39.652234
4.007193,40,39.659089
4.007193,40,39.665979
-1.659551,40,39.672833
13.824561,40,39.679625
13.326198,40,39.686459
4.007193,40,39.693287
4.407193,40,39.700119
4.007193,40,39.706972
24.310789,40,39.713799
13.824561,40,39.720847
24.310789,40,39.727802
4.886956,40,39.734661
4.407193,40,39.741514
23.710789,40,39.748371
24.517507,40,39.755245
4.007193,40,39.762092
13.824561,40,39.768938
4.007193,40,39.775789
4.007193,40,39.782644
13.824561,40,39.789457
4.007193,40,39.796307
13.824561,40,39.803151
23.710789,40,39.809991
4.007193,40,39.81687
24.517507,40,39.82371
23.710789,40,39.830678
13.926198,40,39.837586
13.926198,40,39.844445
13.926198,40,39.851295
4.078338,40,39.858168
13.824561,40,39.865014
13.926198,40,39.871811
13.926198,40,39.878602
13.824561,40,39.885391
4.007193,40,39.892278
13.824561,40,39.899104
24.517507,40,39.905895
13.824561,40,39.912746
4.007193,40,39.919543
24.310789,40,39.926299
24.310789,40,39.933061
24.517507,40,39.94033
24.810789,40,39.947407
23.710789,40,39.95431
13.824561,40,40.283017
0.243292,40,40.290192
13.226198,40,40.297089
13.824561,40,40.304024
12.726198,40,40.310859
13.824561,40,40.317703
24.310789,40,40.324554
13.824561,40,40.331403
4.007193,40,40.338269
13.926198,40,40.345077
13.824561,40,40.351936
24.517507,40,40.358704
24.310789,40,40.365565
1.346329,40,40.372372
-3.93532,40,40.379181
4.078338,40,40.385981
23.817507,40,40.392916
4.007193,40,40.399895
-4.063864,40,40.406783
24.517507,40,40.413636
-30.622493,40,40.420485
24.310789,40,40.427374
13.824561,40,40.434238
4.078338,40,40.441097
13.824561,40,40.447925
12.824561,40,40.454752
13.824561,40,40.461578
4.007193,40,40.46843
13.824561,40,40.475275
4.007193,40,40.482164
24.517507,40,40.488982
13.124561,40,40.495784
24.310789,40,40.502829
24.517507,40,40.509784
4.407193,40,40.51668
13.926198,40,40.52357
24.517507,40,40.530372
24.517507,40,40.537218
4.007193,40,40.544062
4.078338,40,40.550873
13.926198,40,40.557678
13.926198,40,40.564504
2.607193,40,40.571299
23.210789,40,40.578182
4.007193,40,40.584987
24.517507,40,40.591785
13.824561,40,40.59864
24.517507,40,40.605439
13.824561,40,40.612253
24.310789,40,40.619069
24.310789,40,40.62605
